<krpano version="1.19" title="Virtual Tour">

	<include url="skin/vtourskin.xml" />


	<!-- customize skin settings: maps, gyro, webvr, thumbnails, tooltips, layout, design, ... -->
	<skin_settings maps="false"
	               maps_type="google"
	               maps_bing_api_key=""
	               maps_zoombuttons="false"
	               gyro="true"
	               webvr="true"
	               littleplanetintro="false"
	               title="true"
	               thumbs="true"
	               thumbs_width="120" thumbs_height="80" thumbs_padding="10" thumbs_crop="0|40|240|160"
	               thumbs_opened="false"
	               thumbs_text="false"
	               thumbs_dragging="true"
	               thumbs_onhoverscrolling="false"
	               thumbs_scrollbuttons="false"
	               thumbs_scrollindicator="false"
	               thumbs_loop="false"
	               tooltips_buttons="false"
	               tooltips_thumbs="false"
	               tooltips_hotspots="false"
	               tooltips_mapspots="false"
	               deeplinking="false"
	               loadscene_flags="MERGE"
	               loadscene_blend="OPENBLEND(0.5, 0.0, 0.75, 0.05, linear)"
	               loadscene_blend_prev="SLIDEBLEND(0.5, 180, 0.75, linear)"
	               loadscene_blend_next="SLIDEBLEND(0.5,   0, 0.75, linear)"
	               loadingtext="loading..."
	               layout_width="100%"
	               layout_maxwidth="814"
	               controlbar_width="-24"
	               controlbar_height="40"
	               controlbar_offset="20"
	               controlbar_offset_closed="-40"
	               controlbar_overlap.no-fractionalscaling="10"
	               controlbar_overlap.fractionalscaling="0"
	               design_skin_images="vtourskin.png"
	               design_bgcolor="0x2D3E50"
	               design_bgalpha="0.8"
	               design_bgborder="0"
	               design_bgroundedge="1"
	               design_bgshadow="0 4 10 0x000000 0.3"
	               design_thumbborder_bgborder="3 0xFFFFFF 1.0"
	               design_thumbborder_padding="2"
	               design_thumbborder_bgroundedge="0"
	               design_text_css="color:#FFFFFF; font-family:Arial;"
	               design_text_shadow="1"
	               />

	<!--
	    For an alternative skin design either change the <skin_settings> values 
	    from above or optionally include one of the predefined designs from below.
	-->
	<!-- <include url="skin/vtourskin_design_flat_light.xml"  /> -->
	<!-- <include url="skin/vtourskin_design_glass.xml"       /> -->
	<!-- <include url="skin/vtourskin_design_ultra_light.xml" /> -->
	<!-- <include url="skin/vtourskin_design_117.xml"         /> -->
	<!-- <include url="skin/vtourskin_design_117round.xml"    /> -->
	<!-- <include url="skin/vtourskin_design_black.xml"       /> -->


	<!-- startup action - load the first scene -->
	<action name="startup" autorun="onstart">
      
		if(startscene === null OR !scene[get(startscene)], copy(startscene,scene[0].name); );
		loadscene(get(startscene), null, MERGE);
		if(startactions !== null, startactions() );
	</action>
    
    <action name="scanaction">
     js(window.onload = startScanning()); 
    </action>
    
    <action name="getthebeac">
        jsget(pood, 'pleaseletit');
    set(layer[factbox].html, get(pood));
        delayedcall(1, getthebeac());
    </action> 
    <style name="textstyle"
	       url="plugins/textfield.swf"
	       alpha="0.0"
	       visible="false"
	   zorder="4"
       vcenter="true"
       padding="2"
       wordwrap="true"
       selectable="false"
       embeddedfonts="false"
       background="true"
       backgroundcolor="0xFFFF47"
       backgroundalpha="0.6"
       border="true"
       bordercolor="0x000000"
       borderalpha="0.9"
       borderwidth="4.0"
       roundedge="15"
       shadow="0.4"
       shadowrange="7.0"
       shadowangle="45"
       shadowcolor="0x000000"
       shadowalpha="1.0"
       textshadow="0.4"
       textshadowrange="4.0"
       textshadowangle="45"
       textshadowcolor="0x000000"
       textshadowalpha="1.0"
       onautosized=""
	
	css="font-family:trajan pro; display:block; font-size:150%; color:#000000; text-align:center;"
           />
    
    
    <layer name="factbox"
            html="jsget(beaconclose.major)"
		  style="textstyle"
		  align="center"
		  width="90%"
		  height="50%"
		  backgroundalpha="0.6"
		  capture="true"
		  visible="true"
		  alpha="1.0"
		  keep="true"
         onclick="js(krpanoReady());"
	/>


	
	<scene name="scene_pano1" title="pano1" onstart="" thumburl="panos/pano1.tiles/thumb.jpg" lat="" lng="" heading="">

		<view hlookat="0" vlookat="0" fovtype="MFOV" fov="120" maxpixelzoom="2.0" fovmin="70" fovmax="140" limitview="auto" />

		<preview url="panos/pano1.tiles/preview.jpg" />

		<image>
			<cube url="panos/pano1.tiles/pano_%s.jpg" />

			<cube url="panos/pano1.tiles/mobile/pano_%s.jpg" devices="mobile" />
		</image>

		<!-- place your scene hotspots here -->

	</scene>

	<scene name="scene_pano2" title="pano2" onstart="" thumburl="panos/pano2.tiles/thumb.jpg" lat="" lng="" heading="">

		<view hlookat="0" vlookat="0" fovtype="MFOV" fov="120" maxpixelzoom="2.0" fovmin="70" fovmax="140" limitview="auto" />

		<preview url="panos/pano2.tiles/preview.jpg" />

		<image>
			<cube url="panos/pano2.tiles/pano_%s.jpg" />

			<cube url="panos/pano2.tiles/mobile/pano_%s.jpg" devices="mobile" />
		</image>

		<!-- place your scene hotspots here -->

	</scene>

	<scene name="scene_pano3" title="pano3" onstart="" thumburl="panos/pano3.tiles/thumb.jpg" lat="" lng="" heading="">

		<view hlookat="0" vlookat="0" fovtype="MFOV" fov="120" maxpixelzoom="2.0" fovmin="70" fovmax="140" limitview="auto" />

		<preview url="panos/pano3.tiles/preview.jpg" />

		<image>
			<cube url="panos/pano3.tiles/pano_%s.jpg" />

			<cube url="panos/pano3.tiles/mobile/pano_%s.jpg" devices="mobile" />
		</image>

		<!-- place your scene hotspots here -->

	</scene>


</krpano>
